"fecha";"hora";"vuelo";"origen";"estado";"franja_horaria";"icao";"iata";"numero_vuelo"
"2025-11-09";"10:43";"RYR5034";"MARRAKECH (RAK)";"Finalizado";"Mañana";"RYR";"RAK";"5034"
"2025-11-09";"10:50";"RYR497";"MILAN/BERGAMO (BGY)";"Finalizado";"Mañana";"RYR";"BGY";"497"
"2025-11-09";"10:39";"THY1301";"ESTAMBUL (IST)";"Finalizado";"Mañana";"THY";"IST";"1301"
"2025-11-09";"10:53";"DLH1840";"MUNICH (MUC)";"Finalizado";"Mañana";"DLH";"MUC";"1840"
"2025-11-09";"10:49";"EZY8009";"LONDRES /GATWICK (LGW)";"Finalizado";"Mañana";"EZY";"LGW";"8009"
"2025-11-09";"11:40";"TAP1092";"LISBOA (LIS)";"Aproximándose";"Mañana";"TAP";"LIS";"1092"
"2025-11-09";"11:22";"AEA4007";"PALMA DE MALLORCA (PMI)";"Entrega equip.";"Mañana";"AEA";"PMI";"4007"
"2025-11-09";"11:28";"RYR6248";"TREVISO/S.ANGELO (MIL) (TSF)";"Entrega equip.";"Mañana";"RYR";"TSF";"6248"
"2025-11-09";"11:30";"SWR2140";"ZURICH (ZRH)";"Aproximándose";"Mañana";"SWR";"ZRH";"2140"
"2025-11-09";"12:00";"BEL3751";"BRUSELAS (BRU)";"En vuelo";"Tarde";"BEL";"BRU";"3751"
"2025-11-09";"11:55";"AFR1416";"PARIS /CHARLES DE GAULLE (CDG)";"En vuelo";"Mañana";"AFR";"CDG";"1416"
"2025-11-09";"12:10";"IBB5804";"TENERIFE NORTE-C. LA LAGUNA (TFN)";"En vuelo";"Tarde";"IBB";"TFN";"5804"
"2025-11-09";"12:10";"DLH1160";"FRANKFURT (FRA)";"En vuelo";"Tarde";"DLH";"FRA";"1160"
"2025-11-09";"12:05";"VOE3582";"ASTURIAS (OVD)";"En vuelo";"Tarde";"VOE";"OVD";"3582"
"2025-11-09";"12:25";"VLG8352";"AMSTERDAM /SCHIPHOL (AMS)";"En vuelo";"Tarde";"VLG";"AMS";"8352"
"2025-11-09";"12:30";"AUA431";"VIENA (VIE)";"En vuelo";"Tarde";"AUA";"VIE";"431"
"2025-11-09";"12:25";"RYR2301";"BUDAPEST (BUD)";"En vuelo";"Tarde";"RYR";"BUD";"2301"
"2025-11-09";"12:55";"IBE2402";"PALMA DE MALLORCA (PMI)";"No informado";"Tarde";"IBE";"PMI";"2402"
"2025-11-09";"13:00";"RYR2229";"CRACOVIA (KRK)";"En vuelo";"Tarde";"RYR";"KRK";"2229"
"2025-11-09";"13:15";"RYR7215";"PALMA DE MALLORCA (PMI)";"No informado";"Tarde";"RYR";"PMI";"7215"
"2025-11-09";"13:10";"VLG3103";"TENERIFE NORTE-C. LA LAGUNA (TFN)";"En vuelo";"Tarde";"VLG";"TFN";"3103"
"2025-11-09";"13:35";"RYR993";"ROMA /FIUMICINO (FCO)";"No informado";"Tarde";"RYR";"FCO";"993"
"2025-11-09";"14:10";"WMT6317";"MILAN /MALPENSA (MXP)";"No informado";"Tarde";"WMT";"MXP";"6317"
"2025-11-09";"14:10";"VLG8153";"PARIS /ORLY (ORY)";"No informado";"Tarde";"VLG";"ORY";"8153"
"2025-11-09";"14:10";"RYR952";"PISA / GALILEO GALILEI (PSA)";"No informado";"Tarde";"RYR";"PSA";"952"
"2025-11-09";"14:40";"WMT6027";"ROMA /FIUMICINO (FCO)";"No informado";"Tarde";"WMT";"FCO";"6027"
"2025-11-09";"14:50";"RYR1718";"EINDHOVEN (EIN)";"No informado";"Tarde";"RYR";"EIN";"1718"
"2025-11-09";"14:55";"RYR2215";"SANTANDER-SEVE BALLESTEROS (SDR)";"No informado";"Tarde";"RYR";"SDR";"2215"
"2025-11-09";"15:10";"RYR2217";"MARRAKECH (RAK)";"No informado";"Tarde";"RYR";"RAK";"2217"
"2025-11-09";"15:10";"RYR2259";"TURIN (TRN)";"No informado";"Tarde";"RYR";"TRN";"2259"
"2025-11-09";"15:25";"VLG3952";"PALMA DE MALLORCA (PMI)";"No informado";"Tarde";"VLG";"PMI";"3952"
"2025-11-09";"16:10";"KLM1531";"AMSTERDAM /SCHIPHOL (AMS)";"No informado";"Tarde";"KLM";"AMS";"1531"
"2025-11-09";"16:10";"RYR1780";"BADEN BADEN-KARLSRUHE (FKB) (FKB)";"No informado";"Tarde";"RYR";"FKB";"1780"
"2025-11-09";"16:15";"VLG3966";"BILBAO (BIO)";"No informado";"Tarde";"VLG";"BIO";"3966"
"2025-11-09";"16:15";"AEA4065";"MADRID-BARAJAS ADOLFO SUÁREZ (MAD)";"No informado";"Tarde";"AEA";"MAD";"4065"
"2025-11-09";"16:20";"RYR1710";"OPORTO (OPO)";"No informado";"Tarde";"RYR";"OPO";"1710"
"2025-11-09";"16:40";"RYR1092";"EDIMBURGO (EDI)";"No informado";"Tarde";"RYR";"EDI";"1092"
"2025-11-09";"17:05";"IBE1081";"MADRID-BARAJAS ADOLFO SUÁREZ (MAD)";"No informado";"Tarde";"IBE";"MAD";"1081"
"2025-11-09";"17:05";"RYR1770";"MARSELLA (MRS)";"No informado";"Tarde";"RYR";"MRS";"1770"
"2025-11-09";"17:05";"VLG3964";"SEVILLA (SVQ)";"No informado";"Tarde";"VLG";"SVQ";"3964"
"2025-11-09";"17:10";"THY1313";"ESTAMBUL (IST)";"No informado";"Tarde";"THY";"IST";"1313"
"2025-11-09";"17:20";"RYR999";"ROMA /FIUMICINO (FCO)";"No informado";"Tarde";"RYR";"FCO";"999"
"2025-11-09";"17:25";"VOE3536";"BILBAO (BIO)";"No informado";"Tarde";"VOE";"BIO";"3536"
"2025-11-09";"17:30";"DLH1162";"FRANKFURT (FRA)";"No informado";"Tarde";"DLH";"FRA";"1162"
"2025-11-09";"17:45";"DLH2640";"MUNICH (MUC)";"No informado";"Tarde";"DLH";"MUC";"2640"
"2025-11-09";"17:55";"AFR1420";"PARIS /CHARLES DE GAULLE (CDG)";"No informado";"Tarde";"AFR";"CDG";"1420"
"2025-11-09";"18:05";"RYR1699";"IBIZA (IBZ)";"No informado";"Noche";"RYR";"IBZ";"1699"
"2025-11-09";"18:25";"RAM968";"CASABLANCA /MOHAMED V (CMN)";"No informado";"Noche";"RAM";"CMN";"968"
"2025-11-09";"18:25";"IBB5802";"GRAN CANARIA (LPA)";"No informado";"Noche";"IBB";"LPA";"5802"
"2025-11-09";"18:40";"VLG8473";"LONDRES /GATWICK (LGW)";"No informado";"Noche";"VLG";"LGW";"8473"
"2025-11-09";"18:40";"RYR4486";"PALERMO /PUNTA RAISI (PMO)";"No informado";"Noche";"RYR";"PMO";"4486"
"2025-11-09";"18:50";"WZZ2385";"BUDAPEST (BUD)";"No informado";"Noche";"WZZ";"BUD";"2385"
"2025-11-09";"19:00";"SWR2146";"ZURICH (ZRH)";"No informado";"Noche";"SWR";"ZRH";"2146"
"2025-11-09";"19:05";"EWG538";"KOELN/BONN (CGN)";"No informado";"Noche";"EWG";"CGN";"538"
"2025-11-09";"19:05";"RYR2208";"SEVILLA (SVQ)";"No informado";"Noche";"RYR";"SVQ";"2208"
"2025-11-09";"19:15";"RYR6836";"NAPOLES (NAP)";"No informado";"Noche";"RYR";"NAP";"6836"
"2025-11-09";"19:15";"VLG8155";"PARIS /ORLY (ORY)";"No informado";"Noche";"VLG";"ORY";"8155"
"2025-11-09";"19:25";"RYR641";"MANCHESTER (MAN)";"No informado";"Noche";"RYR";"MAN";"641"
"2025-11-09";"19:35";"WZZ2079";"CRACOVIA (KRK)";"No informado";"Noche";"WZZ";"KRK";"2079"
"2025-11-09";"19:35";"BAW410";"LONDRES / HEATHROW (LHR)";"No informado";"Noche";"BAW";"LHR";"410"
"2025-11-09";"19:45";"AEA4011";"PALMA DE MALLORCA (PMI)";"No informado";"Noche";"AEA";"PMI";"4011"
"2025-11-09";"19:55";"TVF4628";"PARIS /ORLY (ORY)";"No informado";"Noche";"TVF";"ORY";"4628"
"2025-11-09";"20:00";"TRA6331";"AMSTERDAM /SCHIPHOL (AMS)";"No informado";"Noche";"TRA";"AMS";"6331"
"2025-11-09";"20:10";"ASL592";"BELGRADO (BEG)";"No informado";"Noche";"ASL";"BEG";"592"
"2025-11-09";"20:10";"RYR6423";"BOLONIA (BLQ)";"No informado";"Noche";"RYR";"BLQ";"6423"
"2025-11-09";"20:15";"EZS1371";"GINEBRA (GVA)";"No informado";"Noche";"EZS";"GVA";"1371"
"2025-11-09";"20:20";"RYR8712";"PISA / GALILEO GALILEI (PSA)";"No informado";"Noche";"RYR";"PSA";"8712"
"2025-11-09";"20:25";"VLG6243";"ROMA /FIUMICINO (FCO)";"No informado";"Noche";"VLG";"FCO";"6243"
"2025-11-09";"20:30";"RYR3488";"LANZAROTE CÉSAR MANRIQUE (ACE)";"No informado";"Noche";"RYR";"ACE";"3488"
"2025-11-09";"20:35";"WMT6045";"ROMA /FIUMICINO (FCO)";"No informado";"Noche";"WMT";"FCO";"6045"
"2025-11-09";"20:40";"RYR1736";"LONDRES /STANSTED (STN)";"No informado";"Noche";"RYR";"STN";"1736"
"2025-11-09";"20:50";"RYR2985";"BRUSELAS (BRU)";"No informado";"Noche";"RYR";"BRU";"2985"
"2025-11-09";"20:50";"EZY6499";"LONDRES /GATWICK (LGW)";"No informado";"Noche";"EZY";"LGW";"6499"
"2025-11-09";"21:10";"RYR7267";"TREVISO/S.ANGELO (MIL) (TSF)";"No informado";"Noche";"RYR";"TSF";"7267"
"2025-11-09";"21:15";"RYR7470";"MILAN /MALPENSA (MXP)";"No informado";"Noche";"RYR";"MXP";"7470"
"2025-11-09";"21:20";"TVS1054";"PRAGA (PRG)";"No informado";"Noche";"TVS";"PRG";"1054"
"2025-11-09";"21:35";"RYR645";"MALAGA-COSTA DEL SOL (AGP)";"No informado";"Noche";"RYR";"AGP";"645"
"2025-11-09";"21:40";"ANE8052";"(GRX)";"No informado";"Noche";"ANE";"GRX";"8052"
"2025-11-09";"21:50";"VLG3954";"PALMA DE MALLORCA (PMI)";"No informado";"Noche";"VLG";"PMI";"3954"
"2025-11-09";"22:00";"IBE2376";"BARCELONA-EL PRAT JOSEP TARRADELLAS (BCN)";"No informado";"Noche";"IBE";"BCN";"2376"
"2025-11-09";"22:20";"IBE2441";"MENORCA (MAH)";"No informado";"Noche";"IBE";"MAH";"2441"
"2025-11-09";"22:40";"RYR6325";"LONDRES /STANSTED (STN)";"No informado";"Noche";"RYR";"STN";"6325"
"2025-11-09";"22:55";"RYR1611";"BARI /PALESE (BRI)";"No informado";"Noche";"RYR";"BRI";"1611"
"2025-11-09";"23:00";"KLM1535";"AMSTERDAM /SCHIPHOL (AMS)";"No informado";"Noche";"KLM";"AMS";"1535"
"2025-11-09";"23:10";"AFR1492";"PARIS /CHARLES DE GAULLE (CDG)";"No informado";"Noche";"AFR";"CDG";"1492"
"2025-11-09";"23:25";"IBE2431";"IBIZA (IBZ)";"No informado";"Noche";"IBE";"IBZ";"2431"
"2025-11-09";"23:30";"TAP1096";"LISBOA (LIS)";"No informado";"Noche";"TAP";"LIS";"1096"
"2025-11-09";"23:35";"IBE2380";"MALAGA-COSTA DEL SOL (AGP)";"No informado";"Noche";"IBE";"AGP";"2380"
"2025-11-09";"23:35";"RYR7201";"GRAN CANARIA (LPA)";"No informado";"Noche";"RYR";"LPA";"7201"
"2025-11-10";"00:05";"IBE1083";"MADRID-BARAJAS ADOLFO SUÁREZ (MAD)";"No informado";"Madrugada";"IBE";"MAD";"1083"
"2025-11-10";"00:10";"RYR3791";"BRUSELAS /CHARLEROI (CRL)";"No informado";"Madrugada";"RYR";"CRL";"3791"
"2025-11-10";"00:15";"IBE2404";"PALMA DE MALLORCA (PMI)";"No informado";"Madrugada";"IBE";"PMI";"2404"
"2025-11-10";"00:20";"VLG8350";"AMSTERDAM /SCHIPHOL (AMS)";"No informado";"Madrugada";"VLG";"AMS";"8350"
"2025-11-10";"00:25";"RYR4728";"MILAN/BERGAMO (BGY)";"No informado";"Madrugada";"RYR";"BGY";"4728"
"2025-11-10";"00:35";"VLG8921";"BRUSELAS (BRU)";"No informado";"Madrugada";"VLG";"BRU";"8921"
"2025-11-10";"00:55";"RYR1772";"DUBLIN (DUB)";"No informado";"Madrugada";"RYR";"DUB";"1772"
"2025-11-10";"07:45";"SWR2130";"GINEBRA (GVA)";"No informado";"Mañana";"SWR";"GVA";"2130"
"2025-11-10";"08:00";"RYR1003";"ROMA /FIUMICINO (FCO)";"No informado";"Mañana";"RYR";"FCO";"1003"
"2025-11-10";"08:05";"AEA4063";"MADRID-BARAJAS ADOLFO SUÁREZ (MAD)";"No informado";"Mañana";"AEA";"MAD";"4063"
"2025-11-10";"08:15";"IBE2382";"MALAGA-COSTA DEL SOL (AGP)";"No informado";"Mañana";"IBE";"AGP";"2382"
"2025-11-10";"08:20";"RYR1848";"MEMMINGEN (FMM)";"No informado";"Mañana";"RYR";"FMM";"1848"
"2025-11-10";"08:40";"VOE3536";"BILBAO (BIO)";"No informado";"Mañana";"VOE";"BIO";"3536"
"2025-11-10";"08:45";"VLG3950";"PALMA DE MALLORCA (PMI)";"No informado";"Mañana";"VLG";"PMI";"3950"
"2025-11-10";"08:45";"RYR802";"VIENA (VIE)";"No informado";"Mañana";"RYR";"VIE";"802"
"2025-11-10";"09:00";"RYR4728";"MILAN/BERGAMO (BGY)";"No informado";"Mañana";"RYR";"BGY";"4728"
"2025-11-10";"09:05";"WZZ2385";"BUDAPEST (BUD)";"No informado";"Mañana";"WZZ";"BUD";"2385"
"2025-11-10";"09:05";"IBE1079";"MADRID-BARAJAS ADOLFO SUÁREZ (MAD)";"No informado";"Mañana";"IBE";"MAD";"1079"
"2025-11-10";"09:05";"RYR4741";"POZNAN /LAWICA (POZ)";"No informado";"Mañana";"RYR";"POZ";"4741"
"2025-11-10";"09:10";"EJU5103";"BERLIN BRANDENBURG (BER)";"No informado";"Mañana";"EJU";"BER";"5103"
"2025-11-10";"09:10";"IBE2433";"IBIZA (IBZ)";"No informado";"Mañana";"IBE";"IBZ";"2433"
"2025-11-10";"09:15";"RYR2206";"SEVILLA (SVQ)";"No informado";"Mañana";"RYR";"SVQ";"2206"
"2025-11-10";"09:35";"TRA5105";"EINDHOVEN (EIN)";"No informado";"Mañana";"TRA";"EIN";"5105"
"2025-11-10";"09:55";"TRA6337";"AMSTERDAM /SCHIPHOL (AMS)";"No informado";"Mañana";"TRA";"AMS";"6337"
"2025-11-10";"09:55";"RYR1714";"NANTES-ATLANTIQUE (NTE)";"No informado";"Mañana";"RYR";"NTE";"1714"
"2025-11-10";"10:15";"RYR1444";"MILAN /MALPENSA (MXP)";"No informado";"Mañana";"RYR";"MXP";"1444"
"2025-11-10";"10:55";"THY1301";"ESTAMBUL (IST)";"No informado";"Mañana";"THY";"IST";"1301"
"2025-11-10";"11:10";"EZY8009";"LONDRES /GATWICK (LGW)";"No informado";"Mañana";"EZY";"LGW";"8009"
"2025-11-10";"11:10";"TAP1092";"LISBOA (LIS)";"No informado";"Mañana";"TAP";"LIS";"1092"
"2025-11-10";"11:20";"TVF4620";"PARIS /ORLY (ORY)";"No informado";"Mañana";"TVF";"ORY";"4620"
"2025-11-10";"11:30";"VLG8153";"PARIS /ORLY (ORY)";"No informado";"Mañana";"VLG";"ORY";"8153"
"2025-11-10";"11:35";"RYR2257";"KOELN/BONN (CGN)";"No informado";"Mañana";"RYR";"CGN";"2257"
"2025-11-10";"11:35";"RAM968";"CASABLANCA /MOHAMED V (CMN)";"No informado";"Mañana";"RAM";"CMN";"968"
"2025-11-10";"11:35";"AEA4007";"PALMA DE MALLORCA (PMI)";"No informado";"Mañana";"AEA";"PMI";"4007"
"2025-11-10";"11:45";"VOE2656";"LYON (LYS)";"No informado";"Mañana";"VOE";"LYS";"2656"
"2025-11-10";"11:50";"IBE2402";"PALMA DE MALLORCA (PMI)";"No informado";"Mañana";"IBE";"PMI";"2402"
"2025-11-10";"12:00";"AFR1416";"PARIS /CHARLES DE GAULLE (CDG)";"No informado";"Tarde";"AFR";"CDG";"1416"
"2025-11-10";"12:05";"SWR2140";"ZURICH (ZRH)";"No informado";"Tarde";"SWR";"ZRH";"2140"
"2025-11-10";"12:10";"RYR1736";"LONDRES /STANSTED (STN)";"No informado";"Tarde";"RYR";"STN";"1736"
"2025-11-10";"12:15";"RYR1710";"OPORTO (OPO)";"No informado";"Tarde";"RYR";"OPO";"1710"
"2025-11-10";"12:20";"RYR138";"BERLIN BRANDENBURG (BER)";"No informado";"Tarde";"RYR";"BER";"138"
"2025-11-10";"12:20";"RYR1768";"LISBOA (LIS)";"No informado";"Tarde";"RYR";"LIS";"1768"
"2025-11-10";"12:30";"RYR1740";"DUBLIN (DUB)";"No informado";"Tarde";"RYR";"DUB";"1740"
"2025-11-10";"12:45";"RYR6836";"NAPOLES (NAP)";"No informado";"Tarde";"RYR";"NAP";"6836"
"2025-11-10";"12:45";"IBE2391";"SEVILLA (SVQ)";"No informado";"Tarde";"IBE";"SVQ";"2391"
"2025-11-10";"12:50";"NIA6101";"(CAI)";"No informado";"Tarde";"NIA";"CAI";"6101"
"2025-11-10";"13:00";"RYR952";"PISA / GALILEO GALILEI (PSA)";"No informado";"Tarde";"RYR";"PSA";"952"
"2025-11-10";"13:35";"RYR645";"MALAGA-COSTA DEL SOL (AGP)";"No informado";"Tarde";"RYR";"AGP";"645"
"2025-11-10";"13:45";"IBE2313";"BILBAO (BIO)";"No informado";"Tarde";"IBE";"BIO";"2313"
"2025-11-10";"14:00";"EZS1371";"GINEBRA (GVA)";"No informado";"Tarde";"EZS";"GVA";"1371"
"2025-11-10";"14:20";"RYR643";"LONDRES /STANSTED (STN)";"No informado";"Tarde";"RYR";"STN";"643"
"2025-11-10";"14:30";"TVF4624";"PARIS /ORLY (ORY)";"No informado";"Tarde";"TVF";"ORY";"4624"
"2025-11-10";"14:35";"RYR618";"TRIESTE (TRS)";"No informado";"Tarde";"RYR";"TRS";"618"
"2025-11-10";"14:40";"RYR1687";"BRUSELAS /CHARLEROI (CRL)";"No informado";"Tarde";"RYR";"CRL";"1687"
"2025-11-10";"14:55";"RYR9001";"PARIS /BEAUVAIS-TILLE (BVA)";"No informado";"Tarde";"RYR";"BVA";"9001"
"2025-11-10";"15:00";"VLG4143";"(FAO)";"No informado";"Tarde";"VLG";"FAO";"4143"
"2025-11-10";"15:15";"RYR7215";"PALMA DE MALLORCA (PMI)";"No informado";"Tarde";"RYR";"PMI";"7215"
"2025-11-10";"15:25";"EZS1031";"BASEL /MULHOUSE (BSL)";"No informado";"Tarde";"EZS";"BSL";"1031"
"2025-11-10";"15:35";"RYR9380";"BIRMINGHAM / INTERNACIONAL (BHX)";"No informado";"Tarde";"RYR";"BHX";"9380"
"2025-11-10";"15:35";"RYR2259";"TURIN (TRN)";"No informado";"Tarde";"RYR";"TRN";"2259"
"2025-11-10";"15:40";"RYR5372";"FEZ /SAIS (FEZ)";"No informado";"Tarde";"RYR";"FEZ";"5372"
"2025-11-10";"15:45";"IBE2395";"SEVILLA (SVQ)";"No informado";"Tarde";"IBE";"SVQ";"2395"
"2025-11-10";"15:50";"BAW410";"LONDRES / HEATHROW (LHR)";"No informado";"Tarde";"BAW";"LHR";"410"
"2025-11-10";"16:00";"IBE2441";"MENORCA (MAH)";"No informado";"Tarde";"IBE";"MAH";"2441"
"2025-11-10";"16:05";"VLG3966";"BILBAO (BIO)";"No informado";"Tarde";"VLG";"BIO";"3966"
"2025-11-10";"16:50";"VOE3582";"ASTURIAS (OVD)";"No informado";"Tarde";"VOE";"OVD";"3582"
"2025-11-10";"17:10";"DLH1162";"FRANKFURT (FRA)";"No informado";"Tarde";"DLH";"FRA";"1162"
"2025-11-10";"17:20";"VLG8921";"BRUSELAS (BRU)";"No informado";"Tarde";"VLG";"BRU";"8921"
"2025-11-10";"17:25";"RYR4631";"MILAN/BERGAMO (BGY)";"No informado";"Tarde";"RYR";"BGY";"4631"
"2025-11-10";"17:25";"RYR4486";"PALERMO /PUNTA RAISI (PMO)";"No informado";"Tarde";"RYR";"PMO";"4486"
"2025-11-10";"17:30";"EWG9538";"DUSSELDORF (DUS)";"No informado";"Tarde";"EWG";"DUS";"9538"
"2025-11-10";"17:30";"TAP1094";"LISBOA (LIS)";"No informado";"Tarde";"TAP";"LIS";"1094"
"2025-11-10";"17:30";"VLG1175";"GRAN CANARIA (LPA)";"No informado";"Tarde";"VLG";"LPA";"1175"
"2025-11-10";"17:35";"LHX1842";"MUNICH (MUC)";"No informado";"Tarde";"LHX";"MUC";"1842"
"2025-11-10";"18:00";"RYR616";"IBIZA (IBZ)";"No informado";"Noche";"RYR";"IBZ";"616"
"2025-11-10";"18:30";"IBB5802";"GRAN CANARIA (LPA)";"No informado";"Noche";"IBB";"LPA";"5802"
"2025-11-10";"18:35";"RYR1131";"NUREMBERG (NUE)";"No informado";"Noche";"RYR";"NUE";"1131"
"2025-11-10";"18:40";"RYR641";"MANCHESTER (MAN)";"No informado";"Noche";"RYR";"MAN";"641"
"2025-11-10";"18:50";"EJU7899";"AMSTERDAM /SCHIPHOL (AMS)";"No informado";"Noche";"EJU";"AMS";"7899"
"2025-11-10";"18:55";"RYR2217";"MARRAKECH (RAK)";"No informado";"Noche";"RYR";"RAK";"2217"
"2025-11-10";"18:55";"SWR2146";"ZURICH (ZRH)";"No informado";"Noche";"SWR";"ZRH";"2146"
"2025-11-10";"19:10";"LGL763";"LUXEMBURGO (LUX)";"No informado";"Noche";"LGL";"LUX";"763"
"2025-11-10";"19:10";"RYR7340";"VIENA (VIE)";"No informado";"Noche";"RYR";"VIE";"7340"
"2025-11-10";"19:20";"RYR2229";"CRACOVIA (KRK)";"No informado";"Noche";"RYR";"KRK";"2229"
"2025-11-10";"19:30";"TRA6331";"AMSTERDAM /SCHIPHOL (AMS)";"No informado";"Noche";"TRA";"AMS";"6331"
"2025-11-10";"19:30";"VLG8155";"PARIS /ORLY (ORY)";"No informado";"Noche";"VLG";"ORY";"8155"
"2025-11-10";"19:45";"VLG3103";"TENERIFE NORTE-C. LA LAGUNA (TFN)";"No informado";"Noche";"VLG";"TFN";"3103"
"2025-11-10";"20:00";"IBE2376";"BARCELONA-EL PRAT JOSEP TARRADELLAS (BCN)";"No informado";"Noche";"IBE";"BCN";"2376"
"2025-11-10";"20:00";"WMT3411";"CLUJ NAPOCA/SOMESENI (CLJ)";"No informado";"Noche";"WMT";"CLJ";"3411"
"2025-11-10";"20:05";"IBE2393";"SEVILLA (SVQ)";"No informado";"Noche";"IBE";"SVQ";"2393"
"2025-11-10";"20:25";"RYR2147";"BRUSELAS /CHARLEROI (CRL)";"No informado";"Noche";"RYR";"CRL";"2147"
"2025-11-10";"20:30";"RYR2301";"BUDAPEST (BUD)";"No informado";"Noche";"RYR";"BUD";"2301"
"2025-11-10";"20:35";"BEL3751";"BRUSELAS (BRU)";"No informado";"Noche";"BEL";"BRU";"3751"
"2025-11-10";"20:35";"RYR1971";"TENERIFE SUR (TFS)";"No informado";"Noche";"RYR";"TFS";"1971"
"2025-11-10";"20:40";"RYR620";"BOLONIA (BLQ)";"No informado";"Noche";"RYR";"BLQ";"620"
"2025-11-10";"20:45";"VLG3964";"SEVILLA (SVQ)";"No informado";"Noche";"VLG";"SVQ";"3964"
"2025-11-10";"21:05";"RYR3488";"LANZAROTE CÉSAR MANRIQUE (ACE)";"No informado";"Noche";"RYR";"ACE";"3488"
"2025-11-10";"21:05";"IBE2400";"PALMA DE MALLORCA (PMI)";"No informado";"Noche";"IBE";"PMI";"2400"
"2025-11-10";"21:10";"VOE3816";"A CORUÑA (LCG)";"No informado";"Noche";"VOE";"LCG";"3816"
"2025-11-10";"21:40";"RYR1770";"MARSELLA (MRS)";"No informado";"Noche";"RYR";"MRS";"1770"
"2025-11-10";"21:45";"RYR6415";"PESCARA (PSR)";"No informado";"Noche";"RYR";"PSR";"6415"
"2025-11-10";"21:55";"RYR7470";"MILAN /MALPENSA (MXP)";"No informado";"Noche";"RYR";"MXP";"7470"
"2025-11-10";"22:00";"RYR2646";"OPORTO (OPO)";"No informado";"Noche";"RYR";"OPO";"2646"
"2025-11-10";"22:10";"RYR1611";"BARI /PALESE (BRI)";"No informado";"Noche";"RYR";"BRI";"1611"
"2025-11-10";"22:25";"RYR1718";"EINDHOVEN (EIN)";"No informado";"Noche";"RYR";"EIN";"1718"
"2025-11-10";"22:35";"RYR2208";"SEVILLA (SVQ)";"No informado";"Noche";"RYR";"SVQ";"2208"
"2025-11-10";"22:40";"VLG8473";"LONDRES /GATWICK (LGW)";"No informado";"Noche";"VLG";"LGW";"8473"
"2025-11-10";"22:55";"RYR6248";"TREVISO/S.ANGELO (MIL) (TSF)";"No informado";"Noche";"RYR";"TSF";"6248"
"2025-11-10";"23:15";"RYR6325";"LONDRES /STANSTED (STN)";"No informado";"Noche";"RYR";"STN";"6325"
"2025-11-10";"23:20";"RYR999";"ROMA /FIUMICINO (FCO)";"No informado";"Noche";"RYR";"FCO";"999"
"2025-11-10";"23:30";"RYR4663";"MILAN/BERGAMO (BGY)";"No informado";"Noche";"RYR";"BGY";"4663"
"2025-11-10";"23:35";"IBE2406";"PALMA DE MALLORCA (PMI)";"No informado";"Noche";"IBE";"PMI";"2406"
"2025-11-10";"23:40";"IBE2431";"IBIZA (IBZ)";"No informado";"Noche";"IBE";"IBZ";"2431"
"2025-11-11";"00:25";"RYR5540";"TANGER (TNG)";"No informado";"Madrugada";"RYR";"TNG";"5540"
"2025-11-11";"00:30";"RYR2271";"SANTIAGO-ROSALÍA DE CASTRO (SCQ)";"No informado";"Madrugada";"RYR";"SCQ";"2271"
"2025-11-11";"08:55";"VLG8151";"PARIS /ORLY (ORY)";"No informado";"Mañana";"VLG";"ORY";"8151"
"2025-11-11";"09:05";"WZZ1337";"VARSOVIA (WAW)";"No informado";"Mañana";"WZZ";"WAW";"1337"
"2025-11-11";"09:15";"TRA6331";"AMSTERDAM /SCHIPHOL (AMS)";"No informado";"Mañana";"TRA";"AMS";"6331"
"2025-11-11";"09:20";"TRA5105";"EINDHOVEN (EIN)";"No informado";"Mañana";"TRA";"EIN";"5105"
"2025-11-11";"09:50";"EWG9538";"DUSSELDORF (DUS)";"No informado";"Mañana";"EWG";"DUS";"9538"
"2025-11-11";"10:05";"VLG5791";"SEVILLA (SVQ)";"No informado";"Mañana";"VLG";"SVQ";"5791"
"2025-11-11";"10:25";"VLG3950";"PALMA DE MALLORCA (PMI)";"No informado";"Mañana";"VLG";"PMI";"3950"
"2025-11-11";"10:40";"WMT3185";"BUCAREST (OTP)";"No informado";"Mañana";"WMT";"OTP";"3185"
"2025-11-11";"10:50";"RYR2229";"CRACOVIA (KRK)";"No informado";"Mañana";"RYR";"KRK";"2229"
"2025-11-11";"10:55";"RYR952";"PISA / GALILEO GALILEI (PSA)";"No informado";"Mañana";"RYR";"PSA";"952"
"2025-11-11";"11:00";"IBE2433";"IBIZA (IBZ)";"No informado";"Mañana";"IBE";"IBZ";"2433"
"2025-11-11";"11:05";"RYR6423";"BOLONIA (BLQ)";"No informado";"Mañana";"RYR";"BLQ";"6423"
"2025-11-11";"11:45";"VLG5713";"BILBAO (BIO)";"No informado";"Mañana";"VLG";"BIO";"5713"
"2025-11-11";"12:05";"RYR2206";"SEVILLA (SVQ)";"No informado";"Tarde";"RYR";"SVQ";"2206"
"2025-11-11";"12:40";"AUA431";"VIENA (VIE)";"No informado";"Tarde";"AUA";"VIE";"431"
"2025-11-11";"12:45";"VLG8352";"AMSTERDAM /SCHIPHOL (AMS)";"No informado";"Tarde";"VLG";"AMS";"8352"
"2025-11-11";"13:05";"RYR993";"ROMA /FIUMICINO (FCO)";"No informado";"Tarde";"RYR";"FCO";"993"
"2025-11-11";"13:30";"RYR1768";"LISBOA (LIS)";"No informado";"Tarde";"RYR";"LIS";"1768"
"2025-11-11";"13:35";"RYR1687";"BRUSELAS /CHARLEROI (CRL)";"No informado";"Tarde";"RYR";"CRL";"1687"
"2025-11-11";"14:00";"VLG1175";"GRAN CANARIA (LPA)";"No informado";"Tarde";"VLG";"LPA";"1175"
"2025-11-11";"14:35";"VLG5980";"PALMA DE MALLORCA (PMI)";"No informado";"Tarde";"VLG";"PMI";"5980"
"2025-11-11";"15:50";"IBE5548";"PALMA DE MALLORCA (PMI)";"No informado";"Tarde";"IBE";"PMI";"5548"
"2025-11-11";"15:55";"MEA4065";"MADRID-BARAJAS ADOLFO SUÁREZ (MAD)";"No informado";"Tarde";"MEA";"MAD";"4065"
"2025-11-11";"16:05";"IBE5732";"BRUSELAS (BRU)";"No informado";"Tarde";"IBE";"BRU";"5732"
"2025-11-11";"16:10";"BAW410";"LONDRES / HEATHROW (LHR)";"No informado";"Tarde";"BAW";"LHR";"410"
"2025-11-11";"16:15";"QTR6541";"MALAGA-COSTA DEL SOL (AGP)";"No informado";"Tarde";"QTR";"AGP";"6541"
"2025-11-11";"16:35";"RYR705";"SANTIAGO-ROSALÍA DE CASTRO (SCQ)";"No informado";"Tarde";"RYR";"SCQ";"705"
"2025-11-11";"16:45";"IBE2406";"PALMA DE MALLORCA (PMI)";"No informado";"Tarde";"IBE";"PMI";"2406"
"2025-11-11";"17:45";"TRA6443";"ROTTERDAM (RTM)";"No informado";"Tarde";"TRA";"RTM";"6443"
"2025-11-11";"19:10";"RYR6248";"TREVISO/S.ANGELO (MIL) (TSF)";"No informado";"Noche";"RYR";"TSF";"6248"
"2025-11-11";"19:25";"RYR8109";"CORK (ORK)";"No informado";"Noche";"RYR";"ORK";"8109"
"2025-11-11";"19:35";"IBE5676";"PARIS /ORLY (ORY)";"No informado";"Noche";"IBE";"ORY";"5676"
"2025-11-11";"19:35";"WMT3567";"TIMISOARA (TSR)";"No informado";"Noche";"WMT";"TSR";"3567"
"2025-11-11";"20:35";"RYR643";"LONDRES /STANSTED (STN)";"No informado";"Noche";"RYR";"STN";"643"
"2025-11-11";"20:40";"EZY8013";"LONDRES /GATWICK (LGW)";"No informado";"Noche";"EZY";"LGW";"8013"
"2025-11-11";"20:55";"VLG5800";"PALMA DE MALLORCA (PMI)";"No informado";"Noche";"VLG";"PMI";"5800"
"2025-11-11";"21:00";"RYR497";"MILAN/BERGAMO (BGY)";"No informado";"Noche";"RYR";"BGY";"497"
"2025-11-11";"21:30";"WMT5155";"TIRANA (TIA)";"No informado";"Noche";"WMT";"TIA";"5155"
"2025-11-11";"21:45";"RYR1444";"MILAN /MALPENSA (MXP)";"No informado";"Noche";"RYR";"MXP";"1444"
"2025-11-12";"00:50";"IBE1085";"MADRID-BARAJAS ADOLFO SUÁREZ (MAD)";"No informado";"Madrugada";"IBE";"MAD";"1085"
"2025-11-12";"08:35";"RYR2206";"SEVILLA (SVQ)";"No informado";"Mañana";"RYR";"SVQ";"2206"
"2025-11-12";"08:45";"RYR1780";"BADEN BADEN-KARLSRUHE (FKB) (FKB)";"No informado";"Mañana";"RYR";"FKB";"1780"
"2025-11-12";"08:45";"VLG8151";"PARIS /ORLY (ORY)";"No informado";"Mañana";"VLG";"ORY";"8151"
"2025-11-12";"09:05";"KLM2659";"AMSTERDAM /SCHIPHOL (AMS)";"No informado";"Mañana";"KLM";"AMS";"2659"
"2025-11-12";"09:10";"RYR1444";"MILAN /MALPENSA (MXP)";"No informado";"Mañana";"RYR";"MXP";"1444"
"2025-11-12";"09:15";"RYR4631";"MILAN/BERGAMO (BGY)";"No informado";"Mañana";"RYR";"BGY";"4631"
"2025-11-12";"10:00";"RYR1092";"EDIMBURGO (EDI)";"No informado";"Mañana";"RYR";"EDI";"1092"
"2025-11-12";"10:50";"ITY9006";"ROMA /FIUMICINO (FCO)";"No informado";"Mañana";"ITY";"FCO";"9006"
"2025-11-12";"11:10";"KLJ3948";"BOLONIA (BLQ)";"No informado";"Mañana";"KLJ";"BLQ";"3948"
"2025-11-12";"11:15";"AZU7351";"LISBOA (LIS)";"No informado";"Mañana";"AZU";"LIS";"7351"
"2025-11-12";"11:15";"RYR643";"LONDRES /STANSTED (STN)";"No informado";"Mañana";"RYR";"STN";"643"
"2025-11-12";"11:45";"RYR6248";"TREVISO/S.ANGELO (MIL) (TSF)";"No informado";"Mañana";"RYR";"TSF";"6248"
"2025-11-12";"12:10";"VOE3582";"ASTURIAS (OVD)";"No informado";"Tarde";"VOE";"OVD";"3582"
"2025-11-12";"12:10";"SWR2140";"ZURICH (ZRH)";"No informado";"Tarde";"SWR";"ZRH";"2140"
"2025-11-12";"12:20";"VLG8921";"BRUSELAS (BRU)";"No informado";"Tarde";"VLG";"BRU";"8921"
"2025-11-12";"12:45";"RYR705";"SANTIAGO-ROSALÍA DE CASTRO (SCQ)";"No informado";"Tarde";"RYR";"SCQ";"705"
"2025-11-12";"12:55";"RYR1740";"DUBLIN (DUB)";"No informado";"Tarde";"RYR";"DUB";"1740"
"2025-11-12";"13:05";"RYR9237";"SOFIA (SOF)";"No informado";"Tarde";"RYR";"SOF";"9237"
"2025-11-12";"13:05";"EWG9538";"DUSSELDORF (DUS)";"No informado";"Tarde";"EWG";"DUS";"9538"
"2025-11-12";"14:20";"VLG3964";"SEVILLA (SVQ)";"No informado";"Tarde";"VLG";"SVQ";"3964"
"2025-11-12";"14:20";"VLG5819";"IBIZA (IBZ)";"No informado";"Tarde";"VLG";"IBZ";"5819"
"2025-11-12";"15:15";"RYR1710";"OPORTO (OPO)";"No informado";"Tarde";"RYR";"OPO";"1710"
"2025-11-12";"17:10";"RYR993";"ROMA /FIUMICINO (FCO)";"No informado";"Tarde";"RYR";"FCO";"993"
"2025-11-12";"17:10";"RYR1687";"BRUSELAS /CHARLEROI (CRL)";"No informado";"Tarde";"RYR";"CRL";"1687"
"2025-11-12";"17:20";"RYR497";"MILAN/BERGAMO (BGY)";"No informado";"Tarde";"RYR";"BGY";"497"
"2025-11-12";"17:30";"IBE5674";"PARIS /ORLY (ORY)";"No informado";"Tarde";"IBE";"ORY";"5674"
"2025-11-12";"18:30";"IBE2406";"PALMA DE MALLORCA (PMI)";"No informado";"Noche";"IBE";"PMI";"2406"
"2025-11-12";"18:45";"TRA5105";"EINDHOVEN (EIN)";"No informado";"Noche";"TRA";"EIN";"5105"
"2025-11-12";"19:05";"RYR952";"PISA / GALILEO GALILEI (PSA)";"No informado";"Noche";"RYR";"PSA";"952"
"2025-11-12";"19:25";"IBE5405";"TENERIFE NORTE-C. LA LAGUNA (TFN)";"No informado";"Noche";"IBE";"TFN";"5405"
"2025-11-12";"19:45";"VLG8155";"PARIS /ORLY (ORY)";"No informado";"Noche";"VLG";"ORY";"8155"
"2025-11-12";"20:05";"RYR616";"IBIZA (IBZ)";"No informado";"Noche";"RYR";"IBZ";"616"
"2025-11-12";"20:15";"RYR1003";"ROMA /FIUMICINO (FCO)";"No informado";"Noche";"RYR";"FCO";"1003"
"2025-11-12";"20:30";"IBE5548";"PALMA DE MALLORCA (PMI)";"No informado";"Noche";"IBE";"PMI";"5548"
"2025-11-12";"20:30";"IBE5554";"BILBAO (BIO)";"No informado";"Noche";"IBE";"BIO";"5554"
"2025-11-12";"20:45";"EZY8013";"LONDRES /GATWICK (LGW)";"No informado";"Noche";"EZY";"LGW";"8013"
"2025-11-12";"21:10";"RYR1718";"EINDHOVEN (EIN)";"No informado";"Noche";"RYR";"EIN";"1718"
"2025-11-12";"22:45";"RYR7201";"GRAN CANARIA (LPA)";"No informado";"Noche";"RYR";"LPA";"7201"
"2025-11-12";"23:20";"DLH1164";"FRANKFURT (FRA)";"No informado";"Noche";"DLH";"FRA";"1164"
"2025-11-13";"07:50";"RYR999";"ROMA /FIUMICINO (FCO)";"No informado";"Mañana";"RYR";"FCO";"999"
"2025-11-13";"07:55";"SWR2130";"GINEBRA (GVA)";"No informado";"Mañana";"SWR";"GVA";"2130"
"2025-11-13";"08:25";"RYR2257";"KOELN/BONN (CGN)";"No informado";"Mañana";"RYR";"CGN";"2257"
"2025-11-13";"09:00";"ASL590";"BELGRADO (BEG)";"No informado";"Mañana";"ASL";"BEG";"590"
"2025-11-13";"09:05";"RYR5540";"TANGER (TNG)";"No informado";"Mañana";"RYR";"TNG";"5540"
"2025-11-13";"09:10";"RYR7215";"PALMA DE MALLORCA (PMI)";"No informado";"Mañana";"RYR";"PMI";"7215"
"2025-11-13";"09:10";"SWR2140";"ZURICH (ZRH)";"No informado";"Mañana";"SWR";"ZRH";"2140"
"2025-11-13";"09:20";"EWG9538";"DUSSELDORF (DUS)";"No informado";"Mañana";"EWG";"DUS";"9538"
"2025-11-13";"09:20";"TVF4620";"PARIS /ORLY (ORY)";"No informado";"Mañana";"TVF";"ORY";"4620"
"2025-11-13";"09:25";"RYR1740";"DUBLIN (DUB)";"No informado";"Mañana";"RYR";"DUB";"1740"
"2025-11-13";"09:45";"RYR4741";"POZNAN /LAWICA (POZ)";"No informado";"Mañana";"RYR";"POZ";"4741"
"2025-11-13";"09:55";"RYR802";"VIENA (VIE)";"No informado";"Mañana";"RYR";"VIE";"802"
"2025-11-13";"10:20";"RYR2229";"CRACOVIA (KRK)";"No informado";"Mañana";"RYR";"KRK";"2229"
"2025-11-13";"10:25";"RYR1444";"MILAN /MALPENSA (MXP)";"No informado";"Mañana";"RYR";"MXP";"1444"
"2025-11-13";"10:35";"RYR497";"MILAN/BERGAMO (BGY)";"No informado";"Mañana";"RYR";"BGY";"497"
"2025-11-13";"10:55";"RYR6248";"TREVISO/S.ANGELO (MIL) (TSF)";"No informado";"Mañana";"RYR";"TSF";"6248"
"2025-11-13";"10:55";"RYR643";"LONDRES /STANSTED (STN)";"No informado";"Mañana";"RYR";"STN";"643"
"2025-11-13";"11:00";"DLH1840";"MUNICH (MUC)";"No informado";"Mañana";"DLH";"MUC";"1840"
"2025-11-13";"11:15";"BAW410";"LONDRES / HEATHROW (LHR)";"No informado";"Mañana";"BAW";"LHR";"410"
"2025-11-13";"11:35";"RYR1611";"BARI /PALESE (BRI)";"No informado";"Mañana";"RYR";"BRI";"1611"
"2025-11-13";"12:15";"RYR1003";"ROMA /FIUMICINO (FCO)";"No informado";"Tarde";"RYR";"FCO";"1003"
"2025-11-13";"12:20";"VOE3582";"ASTURIAS (OVD)";"No informado";"Tarde";"VOE";"OVD";"3582"
"2025-11-13";"12:25";"RYR6836";"NAPOLES (NAP)";"No informado";"Tarde";"RYR";"NAP";"6836"
"2025-11-13";"12:25";"EZS1371";"GINEBRA (GVA)";"No informado";"Tarde";"EZS";"GVA";"1371"
"2025-11-13";"13:30";"RYR138";"BERLIN BRANDENBURG (BER)";"No informado";"Tarde";"RYR";"BER";"138"
"2025-11-13";"14:00";"RYR2301";"BUDAPEST (BUD)";"No informado";"Tarde";"RYR";"BUD";"2301"
"2025-11-13";"14:10";"SWR2142";"ZURICH (ZRH)";"No informado";"Tarde";"SWR";"ZRH";"2142"
"2025-11-13";"14:35";"VLG5791";"SEVILLA (SVQ)";"No informado";"Tarde";"VLG";"SVQ";"5791"
"2025-11-13";"15:25";"RYR952";"PISA / GALILEO GALILEI (PSA)";"No informado";"Tarde";"RYR";"PSA";"952"
"2025-11-13";"15:30";"IBE5548";"PALMA DE MALLORCA (PMI)";"No informado";"Tarde";"IBE";"PMI";"5548"
"2025-11-13";"15:40";"IBE5732";"BRUSELAS (BRU)";"No informado";"Tarde";"IBE";"BRU";"5732"
"2025-11-13";"15:50";"RYR1710";"OPORTO (OPO)";"No informado";"Tarde";"RYR";"OPO";"1710"
"2025-11-13";"16:20";"QTR6541";"MALAGA-COSTA DEL SOL (AGP)";"No informado";"Tarde";"QTR";"AGP";"6541"
"2025-11-13";"16:40";"RYR2985";"BRUSELAS (BRU)";"No informado";"Tarde";"RYR";"BRU";"2985"
"2025-11-13";"16:55";"EJU5103";"BERLIN BRANDENBURG (BER)";"No informado";"Tarde";"EJU";"BER";"5103"
"2025-11-13";"17:00";"RYR2206";"SEVILLA (SVQ)";"No informado";"Tarde";"RYR";"SVQ";"2206"
"2025-11-13";"17:15";"DLH1162";"FRANKFURT (FRA)";"No informado";"Tarde";"DLH";"FRA";"1162"
"2025-11-13";"18:10";"RYR993";"ROMA /FIUMICINO (FCO)";"No informado";"Noche";"RYR";"FCO";"993"
"2025-11-13";"18:25";"RYR4728";"MILAN/BERGAMO (BGY)";"No informado";"Noche";"RYR";"BGY";"4728"
"2025-11-13";"18:30";"RYR620";"BOLONIA (BLQ)";"No informado";"Noche";"RYR";"BLQ";"620"
"2025-11-13";"18:50";"TRA6441";"ROTTERDAM (RTM)";"No informado";"Noche";"TRA";"RTM";"6441"
"2025-11-13";"19:50";"EWG2530";"STUTTGART (STR)";"No informado";"Noche";"EWG";"STR";"2530"
"2025-11-13";"20:40";"RYR645";"MALAGA-COSTA DEL SOL (AGP)";"No informado";"Noche";"RYR";"AGP";"645"
"2025-11-13";"20:45";"VLG3968";"BILBAO (BIO)";"No informado";"Noche";"VLG";"BIO";"3968"
"2025-11-13";"20:45";"RYR3488";"LANZAROTE CÉSAR MANRIQUE (ACE)";"No informado";"Noche";"RYR";"ACE";"3488"
"2025-11-13";"21:10";"RYR4486";"PALERMO /PUNTA RAISI (PMO)";"No informado";"Noche";"RYR";"PMO";"4486"
"2025-11-13";"21:20";"RYR6325";"LONDRES /STANSTED (STN)";"No informado";"Noche";"RYR";"STN";"6325"
"2025-11-13";"21:20";"RYR2259";"TURIN (TRN)";"No informado";"Noche";"RYR";"TRN";"2259"
"2025-11-13";"21:50";"VLG1177";"GRAN CANARIA (LPA)";"No informado";"Noche";"VLG";"LPA";"1177"
"2025-11-13";"22:15";"RYR2217";"MARRAKECH (RAK)";"No informado";"Noche";"RYR";"RAK";"2217"
"2025-11-13";"22:20";"VLG8473";"LONDRES /GATWICK (LGW)";"No informado";"Noche";"VLG";"LGW";"8473"
"2025-11-13";"23:10";"DLH1164";"FRANKFURT (FRA)";"No informado";"Noche";"DLH";"FRA";"1164"
"2025-11-13";"23:30";"RYR1718";"EINDHOVEN (EIN)";"No informado";"Noche";"RYR";"EIN";"1718"
"2025-11-13";"23:35";"RYR616";"IBIZA (IBZ)";"No informado";"Noche";"RYR";"IBZ";"616"
"2025-11-13";"23:45";"IBE2406";"PALMA DE MALLORCA (PMI)";"No informado";"Noche";"IBE";"PMI";"2406"
"2025-11-13";"23:50";"RYR1687";"BRUSELAS /CHARLEROI (CRL)";"No informado";"Noche";"RYR";"CRL";"1687"
"2025-11-14";"00:05";"VLG8350";"AMSTERDAM /SCHIPHOL (AMS)";"No informado";"Madrugada";"VLG";"AMS";"8350"
"2025-11-14";"07:50";"RYR497";"MILAN/BERGAMO (BGY)";"No informado";"Mañana";"RYR";"BGY";"497"
"2025-11-14";"08:00";"RYR620";"BOLONIA (BLQ)";"No informado";"Mañana";"RYR";"BLQ";"620"
"2025-11-14";"08:10";"RYR2257";"KOELN/BONN (CGN)";"No informado";"Mañana";"RYR";"CGN";"2257"
"2025-11-14";"08:15";"VOE2656";"LYON (LYS)";"No informado";"Mañana";"VOE";"LYS";"2656"
"2025-11-14";"08:25";"IBE5783";"PARIS /ORLY (ORY)";"No informado";"Mañana";"IBE";"ORY";"5783"
"2025-11-14";"08:40";"RYR2301";"BUDAPEST (BUD)";"No informado";"Mañana";"RYR";"BUD";"2301"
"2025-11-14";"08:50";"LGL763";"LUXEMBURGO (LUX)";"No informado";"Mañana";"LGL";"LUX";"763"
"2025-11-14";"08:50";"RYR138";"BERLIN BRANDENBURG (BER)";"No informado";"Mañana";"RYR";"BER";"138"
"2025-11-14";"08:55";"RYR802";"VIENA (VIE)";"No informado";"Mañana";"RYR";"VIE";"802"
"2025-11-14";"09:00";"RYR1710";"OPORTO (OPO)";"No informado";"Mañana";"RYR";"OPO";"1710"
"2025-11-14";"09:10";"WZZ2385";"BUDAPEST (BUD)";"No informado";"Mañana";"WZZ";"BUD";"2385"
"2025-11-14";"09:10";"SWR2130";"GINEBRA (GVA)";"No informado";"Mañana";"SWR";"GVA";"2130"
"2025-11-14";"09:15";"VOE2436";"BURDEOS (BOD)";"No informado";"Mañana";"VOE";"BOD";"2436"
"2025-11-14";"09:20";"RYR641";"MANCHESTER (MAN)";"No informado";"Mañana";"RYR";"MAN";"641"
"2025-11-14";"09:35";"TRA6335";"AMSTERDAM /SCHIPHOL (AMS)";"No informado";"Mañana";"TRA";"AMS";"6335"
"2025-11-14";"09:40";"RYR5372";"FEZ /SAIS (FEZ)";"No informado";"Mañana";"RYR";"FEZ";"5372"
"2025-11-14";"09:45";"RYR2271";"SANTIAGO-ROSALÍA DE CASTRO (SCQ)";"No informado";"Mañana";"RYR";"SCQ";"2271"
"2025-11-14";"09:50";"EJU7899";"AMSTERDAM /SCHIPHOL (AMS)";"No informado";"Mañana";"EJU";"AMS";"7899"
"2025-11-14";"09:50";"TRA5105";"EINDHOVEN (EIN)";"No informado";"Mañana";"TRA";"EIN";"5105"
"2025-11-14";"10:25";"RYR616";"IBIZA (IBZ)";"No informado";"Mañana";"RYR";"IBZ";"616"
"2025-11-14";"10:25";"EZY8011";"LONDRES /GATWICK (LGW)";"No informado";"Mañana";"EZY";"LGW";"8011"
"2025-11-14";"11:00";"RYR1131";"NUREMBERG (NUE)";"No informado";"Mañana";"RYR";"NUE";"1131"
"2025-11-14";"11:05";"TVF4620";"PARIS /ORLY (ORY)";"No informado";"Mañana";"TVF";"ORY";"4620"
"2025-11-14";"11:10";"RYR993";"ROMA /FIUMICINO (FCO)";"No informado";"Mañana";"RYR";"FCO";"993"
"2025-11-14";"11:20";"IBE5732";"BRUSELAS (BRU)";"No informado";"Mañana";"IBE";"BRU";"5732"
"2025-11-14";"11:25";"DLH1840";"MUNICH (MUC)";"No informado";"Mañana";"DLH";"MUC";"1840"
"2025-11-14";"11:30";"RYR6248";"TREVISO/S.ANGELO (MIL) (TSF)";"No informado";"Mañana";"RYR";"TSF";"6248"
"2025-11-14";"11:50";"IBB5804";"TENERIFE NORTE-C. LA LAGUNA (TFN)";"No informado";"Mañana";"IBB";"TFN";"5804"
"2025-11-14";"11:50";"DLH1160";"FRANKFURT (FRA)";"No informado";"Mañana";"DLH";"FRA";"1160"
"2025-11-14";"11:55";"SWR2140";"ZURICH (ZRH)";"No informado";"Mañana";"SWR";"ZRH";"2140"
"2025-11-14";"12:05";"RYR1740";"DUBLIN (DUB)";"No informado";"Tarde";"RYR";"DUB";"1740"
"2025-11-14";"12:10";"RYR9001";"PARIS /BEAUVAIS-TILLE (BVA)";"No informado";"Tarde";"RYR";"BVA";"9001"
"2025-11-14";"12:45";"IBE5405";"TENERIFE NORTE-C. LA LAGUNA (TFN)";"No informado";"Tarde";"IBE";"TFN";"5405"
"2025-11-14";"12:55";"BEL3751";"BRUSELAS (BRU)";"No informado";"Tarde";"BEL";"BRU";"3751"
"2025-11-14";"13:05";"VOE3816";"A CORUÑA (LCG)";"No informado";"Tarde";"VOE";"LCG";"3816"
"2025-11-14";"13:20";"RYR1687";"BRUSELAS /CHARLEROI (CRL)";"No informado";"Tarde";"RYR";"CRL";"1687"
"2025-11-14";"13:20";"VLG3968";"BILBAO (BIO)";"No informado";"Tarde";"VLG";"BIO";"3968"
"2025-11-14";"13:25";"RYR2215";"SANTANDER-SEVE BALLESTEROS (SDR)";"No informado";"Tarde";"RYR";"SDR";"2215"
"2025-11-14";"13:30";"RYR643";"LONDRES /STANSTED (STN)";"No informado";"Tarde";"RYR";"STN";"643"
"2025-11-14";"13:30";"EWG9538";"DUSSELDORF (DUS)";"No informado";"Tarde";"EWG";"DUS";"9538"
"2025-11-14";"14:00";"RYR7215";"PALMA DE MALLORCA (PMI)";"No informado";"Tarde";"RYR";"PMI";"7215"
"2025-11-14";"14:05";"EZS1371";"GINEBRA (GVA)";"No informado";"Tarde";"EZS";"GVA";"1371"
"2025-11-14";"14:15";"RYR5540";"TANGER (TNG)";"No informado";"Tarde";"RYR";"TNG";"5540"
"2025-11-14";"14:30";"VLG5841";"MENORCA (MAH)";"No informado";"Tarde";"VLG";"MAH";"5841"
"2025-11-14";"14:45";"RYR645";"MALAGA-COSTA DEL SOL (AGP)";"No informado";"Tarde";"RYR";"AGP";"645"
"2025-11-14";"14:55";"RYR2206";"SEVILLA (SVQ)";"No informado";"Tarde";"RYR";"SVQ";"2206"
"2025-11-14";"14:55";"IBE5847";"BILBAO (BIO)";"No informado";"Tarde";"IBE";"BIO";"5847"
"2025-11-14";"16:05";"RYR4631";"MILAN/BERGAMO (BGY)";"No informado";"Tarde";"RYR";"BGY";"4631"
"2025-11-14";"16:15";"RYR2985";"BRUSELAS (BRU)";"No informado";"Tarde";"RYR";"BRU";"2985"
"2025-11-14";"16:20";"RYR618";"TRIESTE (TRS)";"No informado";"Tarde";"RYR";"TRS";"618"
"2025-11-14";"16:45";"IBE2311";"BILBAO (BIO)";"No informado";"Tarde";"IBE";"BIO";"2311"
"2025-11-14";"16:45";"EZS1031";"BASEL /MULHOUSE (BSL)";"No informado";"Tarde";"EZS";"BSL";"1031"
"2025-11-14";"16:50";"RYR1444";"MILAN /MALPENSA (MXP)";"No informado";"Tarde";"RYR";"MXP";"1444"
"2025-11-14";"16:55";"RYR1770";"MARSELLA (MRS)";"No informado";"Tarde";"RYR";"MRS";"1770"
"2025-11-14";"16:55";"VLG3964";"SEVILLA (SVQ)";"No informado";"Tarde";"VLG";"SVQ";"3964"
"2025-11-14";"17:10";"VOE3536";"BILBAO (BIO)";"No informado";"Tarde";"VOE";"BIO";"3536"
"2025-11-14";"17:10";"RYR9331";"MARRAKECH (RAK)";"No informado";"Tarde";"RYR";"RAK";"9331"
"2025-11-14";"17:30";"RYR7340";"VIENA (VIE)";"No informado";"Tarde";"RYR";"VIE";"7340"
"2025-11-14";"17:40";"RYR952";"PISA / GALILEO GALILEI (PSA)";"No informado";"Tarde";"RYR";"PSA";"952"
"2025-11-14";"17:45";"RYR2080";"TOULOUSE (TLS)";"No informado";"Tarde";"RYR";"TLS";"2080"
"2025-11-14";"17:50";"RYR999";"ROMA /FIUMICINO (FCO)";"No informado";"Tarde";"RYR";"FCO";"999"
"2025-11-14";"17:55";"RYR1736";"LONDRES /STANSTED (STN)";"No informado";"Tarde";"RYR";"STN";"1736"
"2025-11-14";"18:00";"VLG3952";"PALMA DE MALLORCA (PMI)";"No informado";"Noche";"VLG";"PMI";"3952"
"2025-11-14";"18:20";"RYR2259";"TURIN (TRN)";"No informado";"Noche";"RYR";"TRN";"2259"
"2025-11-14";"19:00";"EJU5103";"BERLIN BRANDENBURG (BER)";"No informado";"Noche";"EJU";"BER";"5103"
"2025-11-14";"19:00";"RYR1699";"IBIZA (IBZ)";"No informado";"Noche";"RYR";"IBZ";"1699"
"2025-11-14";"19:10";"TRA5107";"EINDHOVEN (EIN)";"No informado";"Noche";"TRA";"EIN";"5107"
"2025-11-14";"19:20";"RYR6423";"BOLONIA (BLQ)";"No informado";"Noche";"RYR";"BLQ";"6423"
"2025-11-14";"19:35";"IBE5247";"GRAN CANARIA (LPA)";"No informado";"Noche";"IBE";"LPA";"5247"
"2025-11-14";"20:00";"RYR2147";"BRUSELAS /CHARLEROI (CRL)";"No informado";"Noche";"RYR";"CRL";"2147"
"2025-11-14";"20:15";"BAW410";"LONDRES / HEATHROW (LHR)";"No informado";"Noche";"BAW";"LHR";"410"
"2025-11-14";"20:30";"KLM2523";"AMSTERDAM /SCHIPHOL (AMS)";"No informado";"Noche";"KLM";"AMS";"2523"
"2025-11-14";"20:45";"IBE2400";"PALMA DE MALLORCA (PMI)";"No informado";"Noche";"IBE";"PMI";"2400"
"2025-11-14";"21:45";"RYR638";"MALAGA-COSTA DEL SOL (AGP)";"No informado";"Noche";"RYR";"AGP";"638"
"2025-11-14";"21:55";"RYR2646";"OPORTO (OPO)";"No informado";"Noche";"RYR";"OPO";"2646"
"2025-11-14";"22:00";"RYR2208";"SEVILLA (SVQ)";"No informado";"Noche";"RYR";"SVQ";"2208"
"2025-11-14";"22:15";"RYR4663";"MILAN/BERGAMO (BGY)";"No informado";"Noche";"RYR";"BGY";"4663"
"2025-11-14";"22:55";"VLG8473";"LONDRES /GATWICK (LGW)";"No informado";"Noche";"VLG";"LGW";"8473"
"2025-11-14";"23:00";"DLH1164";"FRANKFURT (FRA)";"No informado";"Noche";"DLH";"FRA";"1164"
"2025-11-14";"23:10";"RYR7267";"TREVISO/S.ANGELO (MIL) (TSF)";"No informado";"Noche";"RYR";"TSF";"7267"
"2025-11-14";"23:10";"RYR7470";"MILAN /MALPENSA (MXP)";"No informado";"Noche";"RYR";"MXP";"7470"
"2025-11-14";"23:20";"RYR1780";"BADEN BADEN-KARLSRUHE (FKB) (FKB)";"No informado";"Noche";"RYR";"FKB";"1780"
"2025-11-14";"23:30";"RYR7201";"GRAN CANARIA (LPA)";"No informado";"Noche";"RYR";"LPA";"7201"
"2025-11-14";"23:35";"RYR6325";"LONDRES /STANSTED (STN)";"No informado";"Noche";"RYR";"STN";"6325"
"2025-11-14";"23:45";"IBE2431";"IBIZA (IBZ)";"No informado";"Noche";"IBE";"IBZ";"2431"
"2025-11-14";"23:55";"RYR1768";"LISBOA (LIS)";"No informado";"Noche";"RYR";"LIS";"1768"
"2025-11-15";"00:35";"RYR4486";"PALERMO /PUNTA RAISI (PMO)";"No informado";"Madrugada";"RYR";"PMO";"4486"
"2025-11-15";"07:55";"RYR952";"PISA / GALILEO GALILEI (PSA)";"No informado";"Mañana";"RYR";"PSA";"952"
"2025-11-15";"07:55";"RYR620";"BOLONIA (BLQ)";"No informado";"Mañana";"RYR";"BLQ";"620"
"2025-11-15";"08:00";"RYR6415";"PESCARA (PSR)";"No informado";"Mañana";"RYR";"PSR";"6415"
"2025-11-15";"08:25";"TRA6333";"AMSTERDAM /SCHIPHOL (AMS)";"No informado";"Mañana";"TRA";"AMS";"6333"
"2025-11-15";"08:30";"RYR638";"MALAGA-COSTA DEL SOL (AGP)";"No informado";"Mañana";"RYR";"AGP";"638"
"2025-11-15";"08:30";"TVF4620";"PARIS /ORLY (ORY)";"No informado";"Mañana";"TVF";"ORY";"4620"
"2025-11-15";"09:00";"WMT3723";"IASI (IAS)";"No informado";"Mañana";"WMT";"IAS";"3723"
"2025-11-15";"09:05";"RYR138";"BERLIN BRANDENBURG (BER)";"No informado";"Mañana";"RYR";"BER";"138"
"2025-11-15";"09:15";"IBE5783";"PARIS /ORLY (ORY)";"No informado";"Mañana";"IBE";"ORY";"5783"
"2025-11-15";"09:20";"RYR8109";"CORK (ORK)";"No informado";"Mañana";"RYR";"ORK";"8109"
"2025-11-15";"09:25";"RYR9380";"BIRMINGHAM / INTERNACIONAL (BHX)";"No informado";"Mañana";"RYR";"BHX";"9380"
"2025-11-15";"09:35";"WZZ1337";"VARSOVIA (WAW)";"No informado";"Mañana";"WZZ";"WAW";"1337"
"2025-11-15";"09:55";"TRA5105";"EINDHOVEN (EIN)";"No informado";"Mañana";"TRA";"EIN";"5105"
"2025-11-15";"10:05";"IBE2382";"MALAGA-COSTA DEL SOL (AGP)";"No informado";"Mañana";"IBE";"AGP";"2382"
"2025-11-15";"10:35";"RYR802";"VIENA (VIE)";"No informado";"Mañana";"RYR";"VIE";"802"
"2025-11-15";"10:45";"EWG9538";"DUSSELDORF (DUS)";"No informado";"Mañana";"EWG";"DUS";"9538"
"2025-11-15";"10:55";"RYR2206";"SEVILLA (SVQ)";"No informado";"Mañana";"RYR";"SVQ";"2206"
"2025-11-15";"11:00";"RYR4631";"MILAN/BERGAMO (BGY)";"No informado";"Mañana";"RYR";"BGY";"4631"
"2025-11-15";"11:35";"RYR1687";"BRUSELAS /CHARLEROI (CRL)";"No informado";"Mañana";"RYR";"CRL";"1687"
"2025-11-15";"11:40";"RYR993";"ROMA /FIUMICINO (FCO)";"No informado";"Mañana";"RYR";"FCO";"993"
"2025-11-15";"11:55";"RYR1740";"DUBLIN (DUB)";"No informado";"Mañana";"RYR";"DUB";"1740"
"2025-11-15";"12:05";"VLG5831";"IBIZA (IBZ)";"No informado";"Tarde";"VLG";"IBZ";"5831"
"2025-11-15";"12:05";"RYR1131";"NUREMBERG (NUE)";"No informado";"Tarde";"RYR";"NUE";"1131"
"2025-11-15";"12:20";"DLH1160";"FRANKFURT (FRA)";"No informado";"Tarde";"DLH";"FRA";"1160"
"2025-11-15";"12:35";"RYR2301";"BUDAPEST (BUD)";"No informado";"Tarde";"RYR";"BUD";"2301"
"2025-11-15";"12:35";"RYR7201";"GRAN CANARIA (LPA)";"No informado";"Tarde";"RYR";"LPA";"7201"
"2025-11-15";"13:35";"RYR7215";"PALMA DE MALLORCA (PMI)";"No informado";"Tarde";"RYR";"PMI";"7215"
"2025-11-15";"13:45";"VOE3582";"ASTURIAS (OVD)";"No informado";"Tarde";"VOE";"OVD";"3582"
"2025-11-15";"13:50";"IBE2391";"SEVILLA (SVQ)";"No informado";"Tarde";"IBE";"SVQ";"2391"
"2025-11-15";"13:50";"RYR643";"LONDRES /STANSTED (STN)";"No informado";"Tarde";"RYR";"STN";"643"
"2025-11-15";"15:00";"RYR1710";"OPORTO (OPO)";"No informado";"Tarde";"RYR";"OPO";"1710"
"2025-11-15";"15:40";"RYR681";"MALAGA-COSTA DEL SOL (AGP)";"No informado";"Tarde";"RYR";"AGP";"681"
"2025-11-15";"15:45";"IBE2441";"MENORCA (MAH)";"No informado";"Tarde";"IBE";"MAH";"2441"
"2025-11-15";"16:00";"RYR1444";"MILAN /MALPENSA (MXP)";"No informado";"Tarde";"RYR";"MXP";"1444"
"2025-11-15";"16:30";"RYR497";"MILAN/BERGAMO (BGY)";"No informado";"Tarde";"RYR";"BGY";"497"
"2025-11-15";"16:35";"RYR2217";"MARRAKECH (RAK)";"No informado";"Tarde";"RYR";"RAK";"2217"
"2025-11-15";"16:50";"RYR616";"IBIZA (IBZ)";"No informado";"Tarde";"RYR";"IBZ";"616"
"2025-11-15";"17:20";"BAW410";"LONDRES / HEATHROW (LHR)";"No informado";"Tarde";"BAW";"LHR";"410"
"2025-11-15";"17:40";"RYR6248";"TREVISO/S.ANGELO (MIL) (TSF)";"No informado";"Tarde";"RYR";"TSF";"6248"
"2025-11-15";"17:40";"VLG3952";"PALMA DE MALLORCA (PMI)";"No informado";"Tarde";"VLG";"PMI";"3952"
"2025-11-15";"17:40";"RZO8732";"LISBOA (LIS)";"No informado";"Tarde";"RZO";"LIS";"8732"
"2025-11-15";"18:20";"RYR1848";"MEMMINGEN (FMM)";"No informado";"Noche";"RYR";"FMM";"1848"
"2025-11-15";"18:30";"RYR1714";"NANTES-ATLANTIQUE (NTE)";"No informado";"Noche";"RYR";"NTE";"1714"
"2025-11-15";"18:30";"RYR1780";"BADEN BADEN-KARLSRUHE (FKB) (FKB)";"No informado";"Noche";"RYR";"FKB";"1780"
"2025-11-15";"19:00";"RYR618";"TRIESTE (TRS)";"No informado";"Noche";"RYR";"TRS";"618"
"2025-11-15";"19:20";"BEL3751";"BRUSELAS (BRU)";"No informado";"Noche";"BEL";"BRU";"3751"
"2025-11-15";"19:20";"RYR1611";"BARI /PALESE (BRI)";"No informado";"Noche";"RYR";"BRI";"1611"
"2025-11-15";"20:00";"RYR6836";"NAPOLES (NAP)";"No informado";"Noche";"RYR";"NAP";"6836"
"2025-11-15";"21:30";"RYR3488";"LANZAROTE CÉSAR MANRIQUE (ACE)";"No informado";"Noche";"RYR";"ACE";"3488"
"2025-11-15";"22:20";"RYR2257";"KOELN/BONN (CGN)";"No informado";"Noche";"RYR";"CGN";"2257"
"2025-11-15";"22:25";"RYR7373";"PALMA DE MALLORCA (PMI)";"No informado";"Noche";"RYR";"PMI";"7373"
"2025-11-15";"22:40";"RYR1971";"TENERIFE SUR (TFS)";"No informado";"Noche";"RYR";"TFS";"1971"
"2025-11-15";"22:45";"RYR2208";"SEVILLA (SVQ)";"No informado";"Noche";"RYR";"SVQ";"2208"
"2025-11-15";"23:05";"RYR1736";"LONDRES /STANSTED (STN)";"No informado";"Noche";"RYR";"STN";"1736"
"2025-11-15";"23:10";"RYR2147";"BRUSELAS /CHARLEROI (CRL)";"No informado";"Noche";"RYR";"CRL";"2147"
"2025-11-15";"23:15";"DLH1164";"FRANKFURT (FRA)";"No informado";"Noche";"DLH";"FRA";"1164"
"2025-11-15";"23:45";"RYR7470";"MILAN /MALPENSA (MXP)";"No informado";"Noche";"RYR";"MXP";"7470"
"2025-11-16";"00:25";"RYR9237";"SOFIA (SOF)";"No informado";"Madrugada";"RYR";"SOF";"9237"
"2025-11-16";"07:55";"RYR1444";"MILAN /MALPENSA (MXP)";"No informado";"Mañana";"RYR";"MXP";"1444"
"2025-11-16";"08:10";"EWG2530";"STUTTGART (STR)";"No informado";"Mañana";"EWG";"STR";"2530"
"2025-11-16";"08:25";"RYR5540";"TANGER (TNG)";"No informado";"Mañana";"RYR";"TNG";"5540"
"2025-11-16";"08:55";"EWG9538";"DUSSELDORF (DUS)";"No informado";"Mañana";"EWG";"DUS";"9538"
"2025-11-16";"09:25";"RYR2080";"TOULOUSE (TLS)";"No informado";"Mañana";"RYR";"TLS";"2080"
"2025-11-16";"09:30";"TRA5105";"EINDHOVEN (EIN)";"No informado";"Mañana";"TRA";"EIN";"5105"
"2025-11-16";"09:40";"RYR616";"IBIZA (IBZ)";"No informado";"Mañana";"RYR";"IBZ";"616"
"2025-11-16";"09:45";"TRA6335";"AMSTERDAM /SCHIPHOL (AMS)";"No informado";"Mañana";"TRA";"AMS";"6335"
"2025-11-16";"09:50";"WMT3185";"BUCAREST (OTP)";"No informado";"Mañana";"WMT";"OTP";"3185"
"2025-11-16";"10:15";"VOE2436";"BURDEOS (BOD)";"No informado";"Mañana";"VOE";"BOD";"2436"
"2025-11-16";"10:25";"RYR643";"LONDRES /STANSTED (STN)";"No informado";"Mañana";"RYR";"STN";"643"
"2025-11-16";"10:30";"VLG1175";"GRAN CANARIA (LPA)";"No informado";"Mañana";"VLG";"LPA";"1175"
"2025-11-16";"10:35";"RYR5034";"MARRAKECH (RAK)";"No informado";"Mañana";"RYR";"RAK";"5034"
"2025-11-16";"10:45";"RYR1003";"ROMA /FIUMICINO (FCO)";"No informado";"Mañana";"RYR";"FCO";"1003"
"2025-11-16";"11:50";"SWR2140";"ZURICH (ZRH)";"No informado";"Mañana";"SWR";"ZRH";"2140"
"2025-11-16";"12:45";"RYR2301";"BUDAPEST (BUD)";"No informado";"Tarde";"RYR";"BUD";"2301"
"2025-11-16";"13:15";"RYR2229";"CRACOVIA (KRK)";"No informado";"Tarde";"RYR";"KRK";"2229"
"2025-11-16";"13:15";"IBE5405";"TENERIFE NORTE-C. LA LAGUNA (TFN)";"No informado";"Tarde";"IBE";"TFN";"5405"
"2025-11-17";"11:20";"NMA1082";"(CAI)";"No informado";"Mañana";"NMA";"CAI";"1082"
"2025-11-17";"15:05";"MSC3724";"(CAI)";"No informado";"Tarde";"MSC";"CAI";"3724"
"2025-11-19";"15:00";"VLG5793";"SEVILLA (SVQ)";"No informado";"Tarde";"VLG";"SVQ";"5793"
"2025-11-20";"20:00";"ASL9030";"BELGRADO (BEG)";"No informado";"Noche";"ASL";"BEG";"9030"
"2025-11-22";"12:25";"VLG8473";"LONDRES /GATWICK (LGW)";"No informado";"Tarde";"VLG";"LGW";"8473"
